program_id,origin_iata,destination,cabin,trip_type,points_required,fare_tier,pricing_model,confidence,source_url,as_of,notes
AIR_INDIA_MAHARAJA,BOM,GOI,ECONOMY,ONE_WAY,3000,"Value fare (lowest level), bookable up to 30 days before departure since 1 Apr 2026; higher fare levels cost more",ROUTE_FARE_LEVEL,MEDIUM,https://magnify.club/guides/air-india-maharaja-club-new-award-chart-economy/,2026-04-01,Goa airport variant (Dabolim vs Mopa) not specified by source
AIR_INDIA_MAHARAJA,DEL,GOI,ECONOMY,ONE_WAY,5000,"Value fare (lowest level), bookable up to 30 days before departure since 1 Apr 2026; higher fare levels cost more",ROUTE_FARE_LEVEL,HIGH,https://www.airindia.com/in/en/newsroom/press-release/Air-India-announces-key-enhancements-to-Maharaja-Club.html,2026-04-01,Delhi-Goa (Dabolim)
AIR_INDIA_MAHARAJA,DEL,BOM,ECONOMY,ONE_WAY,5000,"Value fare (lowest level), bookable up to 30 days before departure since 1 Apr 2026; higher fare levels cost more",ROUTE_FARE_LEVEL,HIGH,https://www.airindia.com/in/en/newsroom/press-release/Air-India-announces-key-enhancements-to-Maharaja-Club.html,2026-04-01,"Range 5,000-14,000 across fare levels (TPG)"
AIR_INDIA_MAHARAJA,BLR,BOM,ECONOMY,ONE_WAY,4000,"Value fare (lowest level), bookable up to 30 days before departure since 1 Apr 2026; higher fare levels cost more",ROUTE_FARE_LEVEL,HIGH,https://www.airindia.com/in/en/newsroom/press-release/Air-India-announces-key-enhancements-to-Maharaja-Club.html,2026-04-01,
AIR_INDIA_MAHARAJA,BOM,ATQ,ECONOMY,ONE_WAY,5500,"Value fare (lowest level), bookable up to 30 days before departure since 1 Apr 2026; higher fare levels cost more",ROUTE_FARE_LEVEL,HIGH,https://www.airindia.com/in/en/newsroom/press-release/Air-India-announces-key-enhancements-to-Maharaja-Club.html,2026-04-01,
AIR_INDIA_MAHARAJA,BOM,CCU,ECONOMY,ONE_WAY,5000,"Value fare (lowest level), bookable up to 30 days before departure since 1 Apr 2026; higher fare levels cost more",ROUTE_FARE_LEVEL,MEDIUM,https://magnify.club/guides/air-india-maharaja-club-new-award-chart-economy/,2026-04-01,"Reduced from 6,000"
AIR_INDIA_MAHARAJA,BLR,MAA,ECONOMY,ONE_WAY,1500,"Value fare (lowest level), bookable up to 30 days before departure since 1 Apr 2026; higher fare levels cost more",ROUTE_FARE_LEVEL,HIGH,https://www.airindia.com/in/en/newsroom/press-release/Air-India-announces-key-enhancements-to-Maharaja-Club.html,2026-04-01,Cheapest domestic award
AIR_INDIA_MAHARAJA,GOX,HYD,ECONOMY,ONE_WAY,2500,"Value fare (lowest level), bookable up to 30 days before departure since 1 Apr 2026; higher fare levels cost more",ROUTE_FARE_LEVEL,HIGH,https://www.airindia.com/in/en/newsroom/press-release/Air-India-announces-key-enhancements-to-Maharaja-Club.html,2026-04-01,Goa Mopa - Hyderabad
AIR_INDIA_MAHARAJA,HYD,TIR,ECONOMY,ONE_WAY,2500,"Value fare (lowest level), bookable up to 30 days before departure since 1 Apr 2026; higher fare levels cost more",ROUTE_FARE_LEVEL,MEDIUM,https://magnify.club/guides/air-india-maharaja-club-new-award-chart-economy/,2026-04-01,
AIR_INDIA_MAHARAJA,BOM,MRU,ECONOMY,ONE_WAY,12000,"Value fare (lowest level), bookable up to 30 days before departure since 1 Apr 2026; higher fare levels cost more",ROUTE_FARE_LEVEL,HIGH,https://www.airindia.com/in/en/newsroom/press-release/Air-India-announces-key-enhancements-to-Maharaja-Club.html,2026-04-01,
AIR_INDIA_MAHARAJA,BOM,DOH,ECONOMY,ONE_WAY,12000,"Value fare (lowest level), bookable up to 30 days before departure since 1 Apr 2026; higher fare levels cost more",ROUTE_FARE_LEVEL,HIGH,https://www.airindia.com/in/en/newsroom/press-release/Air-India-announces-key-enhancements-to-Maharaja-Club.html,2026-04-01,
AIR_INDIA_MAHARAJA,HYD,DXB,ECONOMY,ONE_WAY,12000,"Value fare (lowest level), bookable up to 30 days before departure since 1 Apr 2026; higher fare levels cost more",ROUTE_FARE_LEVEL,HIGH,https://www.airindia.com/in/en/newsroom/press-release/Air-India-announces-key-enhancements-to-Maharaja-Club.html,2026-04-01,
AIR_INDIA_MAHARAJA,DEL,SIN,ECONOMY,ONE_WAY,12000,"Value fare (lowest level), bookable up to 30 days before departure since 1 Apr 2026; higher fare levels cost more",ROUTE_FARE_LEVEL,MEDIUM,https://magnify.club/guides/air-india-maharaja-club-new-award-chart-economy/,2026-04-01,"12,000 tier: SE Asia/Gulf/Mauritius"
AIR_INDIA_MAHARAJA,DEL,BKK,ECONOMY,ONE_WAY,12000,"Value fare (lowest level), bookable up to 30 days before departure since 1 Apr 2026; higher fare levels cost more",ROUTE_FARE_LEVEL,MEDIUM,https://magnify.club/guides/air-india-maharaja-club-new-award-chart-economy/,2026-04-01,
AIR_INDIA_MAHARAJA,DEL,DXB,ECONOMY,ONE_WAY,12000,"Value fare (lowest level), bookable up to 30 days before departure since 1 Apr 2026; higher fare levels cost more",ROUTE_FARE_LEVEL,MEDIUM,https://magnify.club/guides/air-india-maharaja-club-new-award-chart-economy/,2026-04-01,
AIR_INDIA_MAHARAJA,DEL,DPS,ECONOMY,ONE_WAY,12000,"Value fare (lowest level), bookable up to 30 days before departure since 1 Apr 2026; higher fare levels cost more",ROUTE_FARE_LEVEL,MEDIUM,https://magnify.club/guides/air-india-maharaja-club-new-award-chart-economy/,2026-04-01,Bali
AIR_INDIA_MAHARAJA,BOM,EWR,ECONOMY,ONE_WAY,40000,"Value fare (lowest level), bookable up to 30 days before departure since 1 Apr 2026; higher fare levels cost more",ROUTE_FARE_LEVEL,HIGH,https://www.airindia.com/in/en/newsroom/press-release/Air-India-announces-key-enhancements-to-Maharaja-Club.html,2026-04-01,
AIR_INDIA_MAHARAJA,DEL,SFO,ECONOMY,ONE_WAY,40000,"Value fare (lowest level), bookable up to 30 days before departure since 1 Apr 2026; higher fare levels cost more",ROUTE_FARE_LEVEL,HIGH,https://www.airindia.com/in/en/newsroom/press-release/Air-India-announces-key-enhancements-to-Maharaja-Club.html,2026-04-01,
AIR_INDIA_MAHARAJA,IN,EUROPE_INCL_UK,ECONOMY,ONE_WAY,35000,from (starting),REGION_STARTING_PRICE,HIGH,https://www.airindia.com/in/en/newsroom/press-release/Air-India-announces-key-enhancements-to-Maharaja-Club.html,2026-04-01,"one-way, starting price"
AIR_INDIA_MAHARAJA,IN,USA,ECONOMY,ONE_WAY,40000,from (starting),REGION_STARTING_PRICE,HIGH,https://www.airindia.com/in/en/newsroom/press-release/Air-India-announces-key-enhancements-to-Maharaja-Club.html,2026-04-01,"one-way, starting price"
AIR_INDIA_MAHARAJA,IN,AUSTRALIA,ECONOMY,ONE_WAY,40000,from (starting),REGION_STARTING_PRICE,HIGH,https://www.airindia.com/in/en/newsroom/press-release/Air-India-announces-key-enhancements-to-Maharaja-Club.html,2026-04-01,"one-way, starting price"
AIR_INDIA_MAHARAJA,IN,CANADA,ECONOMY,ONE_WAY,50000,from (starting),REGION_STARTING_PRICE,HIGH,https://www.airindia.com/in/en/newsroom/press-release/Air-India-announces-key-enhancements-to-Maharaja-Club.html,2026-04-01,"one-way, starting price"
AIR_INDIA_MAHARAJA,DEL,GOI,BUSINESS,ONE_WAY,25000,lowest published,ROUTE_FARE_LEVEL,MEDIUM,https://aviationa2z.com/index.php/2026/04/02/air-india-slashes-reward-points-by-up-to-64/,2026-04-02,"Cabin label inferred: second domestic table in source; DEL-BOM matches TPG business range 20,000-26,000"
AIR_INDIA_MAHARAJA,BOM,ATQ,BUSINESS,ONE_WAY,17000,lowest published,ROUTE_FARE_LEVEL,MEDIUM,https://aviationa2z.com/index.php/2026/04/02/air-india-slashes-reward-points-by-up-to-64/,2026-04-02,"Cabin label inferred: second domestic table in source; DEL-BOM matches TPG business range 20,000-26,000"
AIR_INDIA_MAHARAJA,BOM,HYD,BUSINESS,ONE_WAY,16000,lowest published,ROUTE_FARE_LEVEL,MEDIUM,https://aviationa2z.com/index.php/2026/04/02/air-india-slashes-reward-points-by-up-to-64/,2026-04-02,"Cabin label inferred: second domestic table in source; DEL-BOM matches TPG business range 20,000-26,000"
AIR_INDIA_MAHARAJA,DEL,BOM,BUSINESS,ONE_WAY,20000,lowest published,ROUTE_FARE_LEVEL,MEDIUM,https://aviationa2z.com/index.php/2026/04/02/air-india-slashes-reward-points-by-up-to-64/,2026-04-02,"Cabin label inferred: second domestic table in source; DEL-BOM matches TPG business range 20,000-26,000"
AIR_INDIA_MAHARAJA,BLR,BOM,BUSINESS,ONE_WAY,19000,lowest published,ROUTE_FARE_LEVEL,MEDIUM,https://aviationa2z.com/index.php/2026/04/02/air-india-slashes-reward-points-by-up-to-64/,2026-04-02,"Cabin label inferred: second domestic table in source; DEL-BOM matches TPG business range 20,000-26,000"
AIR_INDIA_MAHARAJA,IN,DOMESTIC,ECONOMY,ONE_WAY,1500,from (starting),REGION_STARTING_PRICE,HIGH,https://www.airindia.com/in/en/newsroom/press-release/Air-India-announces-key-enhancements-to-Maharaja-Club.html,2026-04-01,"Domestic upgrades start 4,000; international upgrades 20,000"
KRISFLYER,BOM,SIN,ECONOMY,ONE_WAY,19000,Saver,ZONE_CHART (Singapore-South Asia zone),HIGH,https://mainlymiles.com/2024/10/07/sia-krisflyer-award-prices-by-route/ ; https://awardtravelfinder.com/how-many-singapore-krisflyer-miles-to-fly-to-mumbai,2026-07-01,Round trip = 2x one-way
KRISFLYER,BOM,SIN,ECONOMY,ONE_WAY,40500,Advantage,ZONE_CHART,MEDIUM,https://awardtravelfinder.com/how-many-singapore-krisflyer-miles-to-fly-to-mumbai,2026-07-01,"Access tier is dynamic (~25-100% over Advantage), no chart"
KRISFLYER,BOM,SIN,PREMIUM_ECONOMY,ONE_WAY,36000,Saver,ZONE_CHART (Singapore-South Asia zone),HIGH,https://mainlymiles.com/2024/10/07/sia-krisflyer-award-prices-by-route/ ; https://awardtravelfinder.com/how-many-singapore-krisflyer-miles-to-fly-to-mumbai,2026-07-01,Round trip = 2x one-way
KRISFLYER,BOM,SIN,BUSINESS,ONE_WAY,45000,Saver,ZONE_CHART (Singapore-South Asia zone),HIGH,https://mainlymiles.com/2024/10/07/sia-krisflyer-award-prices-by-route/ ; https://awardtravelfinder.com/how-many-singapore-krisflyer-miles-to-fly-to-mumbai,2026-07-01,Round trip = 2x one-way
KRISFLYER,BOM,SIN,BUSINESS,ONE_WAY,75000,Advantage,ZONE_CHART,MEDIUM,https://awardtravelfinder.com/how-many-singapore-krisflyer-miles-to-fly-to-mumbai,2026-07-01,"Access tier is dynamic (~25-100% over Advantage), no chart"
KRISFLYER,BOM,SIN,FIRST_SUITES,ONE_WAY,61500,Saver,ZONE_CHART (Singapore-South Asia zone),HIGH,https://mainlymiles.com/2024/10/07/sia-krisflyer-award-prices-by-route/ ; https://awardtravelfinder.com/how-many-singapore-krisflyer-miles-to-fly-to-mumbai,2026-07-01,Round trip = 2x one-way
KRISFLYER,BOM,SIN,FIRST_SUITES,ONE_WAY,112500,Advantage,ZONE_CHART,MEDIUM,https://awardtravelfinder.com/how-many-singapore-krisflyer-miles-to-fly-to-mumbai,2026-07-01,"Access tier is dynamic (~25-100% over Advantage), no chart"
KRISFLYER,DEL,SIN,ECONOMY,ONE_WAY,19000,Saver,ZONE_CHART,MEDIUM,https://mainlymiles.com/2024/10/07/sia-krisflyer-award-prices-by-route/,2026-04-04,AMD and BLR itemised by source; other India cities inferred from the single South Asia zone
KRISFLYER,DEL,SIN,BUSINESS,ONE_WAY,45000,Saver,ZONE_CHART,MEDIUM,https://mainlymiles.com/2024/10/07/sia-krisflyer-award-prices-by-route/,2026-04-04,
KRISFLYER,MAA,SIN,ECONOMY,ONE_WAY,19000,Saver,ZONE_CHART,MEDIUM,https://mainlymiles.com/2024/10/07/sia-krisflyer-award-prices-by-route/,2026-04-04,AMD and BLR itemised by source; other India cities inferred from the single South Asia zone
KRISFLYER,MAA,SIN,BUSINESS,ONE_WAY,45000,Saver,ZONE_CHART,MEDIUM,https://mainlymiles.com/2024/10/07/sia-krisflyer-award-prices-by-route/,2026-04-04,
KRISFLYER,HYD,SIN,ECONOMY,ONE_WAY,19000,Saver,ZONE_CHART,MEDIUM,https://mainlymiles.com/2024/10/07/sia-krisflyer-award-prices-by-route/,2026-04-04,AMD and BLR itemised by source; other India cities inferred from the single South Asia zone
KRISFLYER,HYD,SIN,BUSINESS,ONE_WAY,45000,Saver,ZONE_CHART,MEDIUM,https://mainlymiles.com/2024/10/07/sia-krisflyer-award-prices-by-route/,2026-04-04,
KRISFLYER,CCU,SIN,ECONOMY,ONE_WAY,19000,Saver,ZONE_CHART,MEDIUM,https://mainlymiles.com/2024/10/07/sia-krisflyer-award-prices-by-route/,2026-04-04,AMD and BLR itemised by source; other India cities inferred from the single South Asia zone
KRISFLYER,CCU,SIN,BUSINESS,ONE_WAY,45000,Saver,ZONE_CHART,MEDIUM,https://mainlymiles.com/2024/10/07/sia-krisflyer-award-prices-by-route/,2026-04-04,
KRISFLYER,COK,SIN,ECONOMY,ONE_WAY,19000,Saver,ZONE_CHART,MEDIUM,https://mainlymiles.com/2024/10/07/sia-krisflyer-award-prices-by-route/,2026-04-04,AMD and BLR itemised by source; other India cities inferred from the single South Asia zone
KRISFLYER,COK,SIN,BUSINESS,ONE_WAY,45000,Saver,ZONE_CHART,MEDIUM,https://mainlymiles.com/2024/10/07/sia-krisflyer-award-prices-by-route/,2026-04-04,
KRISFLYER,AMD,SIN,ECONOMY,ONE_WAY,19000,Saver,ZONE_CHART,HIGH,https://mainlymiles.com/2024/10/07/sia-krisflyer-award-prices-by-route/,2026-04-04,AMD and BLR itemised by source; other India cities inferred from the single South Asia zone
KRISFLYER,AMD,SIN,BUSINESS,ONE_WAY,45000,Saver,ZONE_CHART,HIGH,https://mainlymiles.com/2024/10/07/sia-krisflyer-award-prices-by-route/,2026-04-04,
KRISFLYER,BLR,SIN,ECONOMY,ONE_WAY,19000,Saver,ZONE_CHART,HIGH,https://mainlymiles.com/2024/10/07/sia-krisflyer-award-prices-by-route/,2026-04-04,AMD and BLR itemised by source; other India cities inferred from the single South Asia zone
KRISFLYER,BLR,SIN,BUSINESS,ONE_WAY,45000,Saver,ZONE_CHART,HIGH,https://mainlymiles.com/2024/10/07/sia-krisflyer-award-prices-by-route/,2026-04-04,
KRISFLYER,SIN,BKK,ECONOMY,ONE_WAY,13000,Saver,ZONE_CHART,HIGH,https://mainlymiles.com/2024/10/07/sia-krisflyer-award-prices-by-route/,2026-04-04,Origin is Singapore
KRISFLYER,SIN,BKK,BUSINESS,ONE_WAY,25000,Saver,ZONE_CHART,HIGH,https://mainlymiles.com/2024/10/07/sia-krisflyer-award-prices-by-route/,2026-04-04,Origin is Singapore
KRISFLYER,SIN,PEK,ECONOMY,ONE_WAY,20500,Saver,ZONE_CHART,HIGH,https://mainlymiles.com/2024/10/07/sia-krisflyer-award-prices-by-route/,2026-04-04,Origin is Singapore
KRISFLYER,SIN,PEK,PREMIUM_ECONOMY,ONE_WAY,36000,Saver,ZONE_CHART,HIGH,https://mainlymiles.com/2024/10/07/sia-krisflyer-award-prices-by-route/,2026-04-04,Origin is Singapore
KRISFLYER,SIN,PEK,BUSINESS,ONE_WAY,45000,Saver,ZONE_CHART,HIGH,https://mainlymiles.com/2024/10/07/sia-krisflyer-award-prices-by-route/,2026-04-04,Origin is Singapore
KRISFLYER,SIN,PEK,FIRST_SUITES,ONE_WAY,61500,Saver,ZONE_CHART,HIGH,https://mainlymiles.com/2024/10/07/sia-krisflyer-award-prices-by-route/,2026-04-04,Origin is Singapore
KRISFLYER,SIN,AMS,ECONOMY,ONE_WAY,44000,Saver,ZONE_CHART,HIGH,https://mainlymiles.com/2024/10/07/sia-krisflyer-award-prices-by-route/,2026-04-04,Origin is Singapore
KRISFLYER,SIN,AMS,PREMIUM_ECONOMY,ONE_WAY,74500,Saver,ZONE_CHART,HIGH,https://mainlymiles.com/2024/10/07/sia-krisflyer-award-prices-by-route/,2026-04-04,Origin is Singapore
KRISFLYER,SIN,AMS,BUSINESS,ONE_WAY,108500,Saver,ZONE_CHART,HIGH,https://mainlymiles.com/2024/10/07/sia-krisflyer-award-prices-by-route/,2026-04-04,Origin is Singapore
KRISFLYER,SIN,AMS,FIRST_SUITES,ONE_WAY,148000,Saver,ZONE_CHART,HIGH,https://mainlymiles.com/2024/10/07/sia-krisflyer-award-prices-by-route/,2026-04-04,Origin is Singapore
KRISFLYER,SIN,AKL,ECONOMY,ONE_WAY,29000,Saver,ZONE_CHART,HIGH,https://mainlymiles.com/2024/10/07/sia-krisflyer-award-prices-by-route/,2026-04-04,Origin is Singapore
KRISFLYER,SIN,AKL,PREMIUM_ECONOMY,ONE_WAY,53500,Saver,ZONE_CHART,HIGH,https://mainlymiles.com/2024/10/07/sia-krisflyer-award-prices-by-route/,2026-04-04,Origin is Singapore
KRISFLYER,SIN,AKL,BUSINESS,ONE_WAY,72000,Saver,ZONE_CHART,HIGH,https://mainlymiles.com/2024/10/07/sia-krisflyer-award-prices-by-route/,2026-04-04,Origin is Singapore
KRISFLYER,SIN,AKL,FIRST_SUITES,ONE_WAY,98000,Saver,ZONE_CHART,HIGH,https://mainlymiles.com/2024/10/07/sia-krisflyer-award-prices-by-route/,2026-04-04,Origin is Singapore
KRISFLYER,SIN,ADL,ECONOMY,ONE_WAY,29000,Saver,ZONE_CHART,HIGH,https://mainlymiles.com/2024/10/07/sia-krisflyer-award-prices-by-route/,2026-04-04,Origin is Singapore
KRISFLYER,SIN,ADL,BUSINESS,ONE_WAY,72000,Saver,ZONE_CHART,HIGH,https://mainlymiles.com/2024/10/07/sia-krisflyer-award-prices-by-route/,2026-04-04,Origin is Singapore
VIRGIN_ATLANTIC,BOM,NBO,ECONOMY,ONE_WAY,15500,Kenya Airways award via Virgin,ROUTE,HIGH,https://magnify.club/guides/amex-india-transfer-partners/,2026-08-18,Book via Virgin Atlantic Flying Club
VIRGIN_ATLANTIC,BOM,NBO,BUSINESS,ONE_WAY,40000,Kenya Airways award via Virgin,ROUTE,HIGH,https://magnify.club/guides/amex-india-transfer-partners/,2026-08-18,Book via Virgin Atlantic Flying Club
VIRGIN_ATLANTIC,BOM,DAR,BUSINESS,ONE_WAY,54500,Kenya Airways award via Virgin,ROUTE,HIGH,https://magnify.club/guides/amex-india-transfer-partners/,2026-08-18,Book via Virgin Atlantic Flying Club
VIRGIN_ATLANTIC,BOM,SEZ,BUSINESS,ONE_WAY,61500,Kenya Airways award via Virgin,ROUTE,HIGH,https://magnify.club/guides/amex-india-transfer-partners/,2026-08-18,Book via Virgin Atlantic Flying Club
VIRGIN_ATLANTIC,BOM,JNB,BUSINESS,ONE_WAY,75000,Kenya Airways award via Virgin,ROUTE,HIGH,https://magnify.club/guides/amex-india-transfer-partners/,2026-08-18,Book via Virgin Atlantic Flying Club
VIRGIN_ATLANTIC,BOM,CPT,BUSINESS,ONE_WAY,80000,Kenya Airways award via Virgin,ROUTE,HIGH,https://magnify.club/guides/amex-india-transfer-partners/,2026-08-18,Book via Virgin Atlantic Flying Club
VIETNAM_LOTUSMILES,IN,VN,BUSINESS,RETURN,60000,LotusDay 50% promotional,PROMO,HIGH,https://magnify.club/guides/vietnam-airlines-lotusday-50-percent-award-discount/,2026-09-23,"Valid until 31 Oct 2026; arithmetic implies ~120,000 at regular price (not published in source)"
VIETNAM_LOTUSMILES,HAN,SGN,BUSINESS,ONE_WAY,14000,LotusDay 50% promotional,PROMO,HIGH,https://magnify.club/guides/vietnam-airlines-lotusday-50-percent-award-discount/,2026-09-23,Valid until 31 Oct 2026
