card_id,category,platform,benefit,cap,source_url,confidence
sbi-aurum,MOVIES,BookMyShow,"4 movie tickets worth Rs 250 each per month (up to Rs 1,000/month)","Rs 1,000/month",https://www.jupiter.money/blog/best-credit-cards-for-movie-tickets-in-india/ ; https://cardekho.bankbazaar.com/bookmyshow-credit-card-offers.html,MEDIUM
idfc-ashva,MOVIES,District by Zomato,"BOGO on movie tickets, up to Rs 400 off, twice per month (annual benefit stated Rs 9,600)",2 per month,https://cardinsider.com/best-credit-cards-for-movie-tickets-in-india/,MEDIUM
indusind-eazydiner,MOVIES,BookMyShow,2 complimentary movie tickets worth Rs 200 each per month,2 per month,https://www.jupiter.money/blog/best-credit-cards-for-movie-tickets-in-india/,"LOW (source quotes older fee Rs 1,999 vs catalogue Rs 2,999)"
icici-coral,MOVIES,BookMyShow,25% off up to Rs 100 on min. 2 tickets per transaction,Rs 100 per transaction,https://www.jupiter.money/blog/best-credit-cards-for-movie-tickets-in-india/,MEDIUM
icici-adani-signature,MOVIES,not specified,"BOGO movie tickets, twice per month",2 per month,https://cardinsider.com/best-credit-cards-for-movie-tickets-in-india/,LOW
yes-private,MOVIES,BookMyShow,Up to 4 complimentary tickets per month,4 per month,https://mymudra.com/blog/best-credit-cards-for-movie-tickets,LOW
yes-private-prime,MOVIES,BookMyShow,Up to 4 complimentary tickets per month,4 per month,https://mymudra.com/blog/best-credit-cards-for-movie-tickets,LOW
hdfc-swiggy,DINING,"Swiggy app (food, Instamart, Dineout, Genie)",10% cashback on Swiggy app spends; Zomato earns 5% as other online spend (separate cap),"Rs 1,500/month each",https://cardadvisor.in/articles/best-food-delivery-credit-cards-india-2026,HIGH
axis-airtel,DINING,Zomato / Blinkit / District,"10% on Zomato, Blinkit, District; min order Rs 499; Swiggy dropped in April 2026 revision",Rs 200/month per partner,https://cardadvisor.in/articles/best-food-delivery-credit-cards-india-2026,HIGH
